Genre,Sales
Fantasy,High
Fantasy,High
Fantasy,High
Fantasy,High
Fantasy,High
Fantasy,High
Fantasy,High
Fantasy,High
Fantasy,High
Fantasy,High
Fantasy,High
Fantasy,High
Fantasy,High
Fantasy,High
Fantasy,High
Fantasy,High
Fantasy,High
Fantasy,High
Fantasy,High
Fantasy,High
Fantasy,High
Fantasy,High
Fantasy,High
Fantasy,High
Fantasy,High
Fantasy,High
Fantasy,High
Fantasy,High
Fantasy,High
Fantasy,High
Fantasy,High
Fantasy,High
Fantasy,High
Fantasy,High
Fantasy,High
Fantasy,High
Fantasy,High
Fantasy,High
Fantasy,High
Fantasy,High
Fantasy,High
Fantasy,High
Fantasy,High
Fantasy,High
Fantasy,High
Fantasy,High
SciFi,High
SciFi,High
SciFi,High
SciFi,High
SciFi,High
SciFi,High
SciFi,High
SciFi,High
SciFi,High
SciFi,High
SciFi,High
SciFi,High
SciFi,High
SciFi,High
SciFi,High
SciFi,High
SciFi,High
SciFi,High
SciFi,High
SciFi,High
SciFi,High
SciFi,High
SciFi,High
SciFi,High
SciFi,High
SciFi,High
SciFi,High
SciFi,High
SciFi,High
SciFi,High
SciFi,High
SciFi,High
SciFi,High
SciFi,High
SciFi,High
SciFi,High
SciFi,High
SciFi,High
SciFi,High
SciFi,High
SciFi,High
SciFi,High
SciFi,High
SciFi,High
SciFi,High
SciFi,High
SciFi,High
SciFi,High
SciFi,High
SciFi,High
SciFi,High
SciFi,High
SciFi,High
SciFi,High
SciFi,High
SciFi,High
SciFi,High
SciFi,High
SciFi,High
SciFi,High
SciFi,High
SciFi,High
SciFi,High
SciFi,High
SciFi,High
SciFi,High
SciFi,High
SciFi,High
SciFi,High
SciFi,High
SciFi,High
SciFi,High
SciFi,High
SciFi,High
SciFi,High
SciFi,High
SciFi,High
SciFi,High
SciFi,High
SciFi,High
SciFi,High
SciFi,High
SciFi,High
SciFi,High
SciFi,High
SciFi,High
SciFi,High
SciFi,High
SciFi,High
SciFi,High
SciFi,High
SciFi,High
SciFi,High
SciFi,Low
SciFi,Low
SciFi,Low
SciFi,Low
SciFi,Low
SciFi,Low
SciFi,Low
SciFi,Low
SciFi,Low
SciFi,Low
SciFi,Low
SciFi,Low
SciFi,Low
SciFi,Low
SciFi,Low
SciFi,Low
SciFi,Low
SciFi,Low
SciFi,Low
SciFi,Low
SciFi,Low
SciFi,Low
SciFi,Low
SciFi,Low
SciFi,Low
SciFi,Low
SciFi,Low
SciFi,Low
SciFi,Low
SciFi,Low
SciFi,Low
SciFi,Low
SciFi,Low
SciFi,Low
SciFi,Low
SciFi,Low
SciFi,Low
SciFi,Low
SciFi,Low
SciFi,Low
SciFi,Low
SciFi,Low
SciFi,Low
SciFi,Low
SciFi,Low
SciFi,Low
SciFi,Low
SciFi,Low
SciFi,Low
SciFi,Low
SciFi,Low
SciFi,Low
Non-Fic,Low
Non-Fic,Low
Non-Fic,Low
Non-Fic,Low
Non-Fic,Low
Non-Fic,Low
Non-Fic,Low
Non-Fic,Low
Non-Fic,Low
Non-Fic,Low
Non-Fic,Low
Non-Fic,Low
Non-Fic,Low
Non-Fic,Low
Non-Fic,Low
Non-Fic,Low
Non-Fic,Low
Non-Fic,Low
Non-Fic,Low
Non-Fic,Low
Non-Fic,Low
Non-Fic,Low
Non-Fic,Low
Non-Fic,Low
Non-Fic,Low
Non-Fic,Low
Non-Fic,Low
Non-Fic,Low
Non-Fic,Low
Non-Fic,Low
Non-Fic,Low
Non-Fic,Low
Non-Fic,Low
Non-Fic,Low
Non-Fic,Low
Non-Fic,Low
Non-Fic,Low
Non-Fic,Low
Non-Fic,Low
Non-Fic,Low
Non-Fic,Low
Non-Fic,Low
Non-Fic,Low
Non-Fic,Low
Non-Fic,Low
Non-Fic,Low
Non-Fic,Low
Non-Fic,Low
Non-Fic,Low
Non-Fic,Low
Non-Fic,Low
Non-Fic,Low
Non-Fic,Low
Non-Fic,Low
Non-Fic,Low
Non-Fic,Low
Non-Fic,Low
Non-Fic,Low
Non-Fic,Low
Non-Fic,Low
Non-Fic,Low
Non-Fic,Low
Non-Fic,Low
Non-Fic,Low
Non-Fic,Low
Non-Fic,Low
Non-Fic,Low
Non-Fic,Low
Non-Fic,Low
Non-Fic,Low
Non-Fic,Low
Non-Fic,Low
Non-Fic,Low
Non-Fic,Low
Non-Fic,Low
Non-Fic,Low
Non-Fic,Low
Non-Fic,Low
Non-Fic,Low
Non-Fic,Low
Poetry,Low
Poetry,Low
Poetry,Low
Poetry,Low
Poetry,Low
Poetry,Low
Poetry,Low
Poetry,Low
Poetry,Low
Poetry,Low
Poetry,Low
Poetry,Low
Poetry,Low
Poetry,Low
Poetry,Low
Poetry,Low
Poetry,Low
Poetry,Low
Poetry,Low
Poetry,Low
Poetry,Low
Poetry,Low
Poetry,Low
Poetry,Low
Poetry,Low
Poetry,Low
Poetry,Low
Poetry,Low
Poetry,Low
Poetry,Low
Poetry,Low
Poetry,Low
Poetry,Low
Poetry,High
Poetry,High
Poetry,High
Poetry,High
Poetry,High
Poetry,High
Poetry,High
Poetry,High
Poetry,High
Poetry,High
Poetry,High
Poetry,High
Poetry,High
Poetry,High
Poetry,High
Poetry,High
Poetry,High
Poetry,High
Poetry,High
Poetry,High
Poetry,High
Poetry,High
Poetry,High
Poetry,High
Poetry,High
Poetry,High
Poetry,Low
Poetry,Low
Poetry,Low
Poetry,Low
Fantasy,High
Fantasy,High
Fantasy,High
Fantasy,High
Fantasy,High
Fantasy,High
Fantasy,High
Fantasy,High
Fantasy,High
Fantasy,High
Fantasy,High
Fantasy,High
Fantasy,High
Fantasy,High
Fantasy,High
Fantasy,High
Fantasy,High
Fantasy,High
Fantasy,High
Fantasy,High
Fantasy,High
Fantasy,High
Fantasy,High
Fantasy,High
Fantasy,High
Fantasy,High
Fantasy,High
Fantasy,High
Fantasy,High
Fantasy,High
Fantasy,High
Fantasy,High
Fantasy,High
Fantasy,High
Fantasy,High
Fantasy,High
Fantasy,High
Fantasy,High
Fantasy,High
Fantasy,High
Fantasy,High
Fantasy,High
Fantasy,High
Fantasy,High
Fantasy,High
Fantasy,High
SciFi,High
SciFi,High
SciFi,High
SciFi,High
SciFi,High
SciFi,High
SciFi,High
SciFi,High
SciFi,High
SciFi,High
SciFi,High
SciFi,High
SciFi,High
SciFi,High
SciFi,High
SciFi,High
SciFi,High
SciFi,High
SciFi,High
SciFi,High
SciFi,High
SciFi,High
SciFi,High
SciFi,High
SciFi,High
SciFi,High
SciFi,High
SciFi,High
SciFi,High
SciFi,High
SciFi,High
SciFi,High
SciFi,High
SciFi,High
SciFi,High
SciFi,High
SciFi,High
SciFi,High
SciFi,High
SciFi,High
SciFi,High
SciFi,High
SciFi,High
SciFi,High
SciFi,High
SciFi,High
SciFi,High
SciFi,High
SciFi,High
SciFi,High
SciFi,High
SciFi,High
SciFi,High
SciFi,High
SciFi,High
SciFi,High
SciFi,High
SciFi,High
SciFi,High
SciFi,High
SciFi,High
SciFi,High
SciFi,High
SciFi,High
SciFi,High
SciFi,High
SciFi,High
SciFi,High
SciFi,High
SciFi,High
SciFi,High
SciFi,High
SciFi,High
SciFi,High
SciFi,High
SciFi,High
SciFi,High
SciFi,High
SciFi,High
SciFi,High
SciFi,High
SciFi,High
SciFi,High
SciFi,High
SciFi,High
SciFi,High
SciFi,High
SciFi,High
SciFi,High
SciFi,High
SciFi,High
SciFi,High
SciFi,High
SciFi,Low
SciFi,Low
SciFi,Low
SciFi,Low
SciFi,Low
SciFi,Low
SciFi,Low
SciFi,Low
SciFi,Low
SciFi,Low
SciFi,Low
SciFi,Low
SciFi,Low
SciFi,Low
SciFi,Low
SciFi,Low
SciFi,Low
SciFi,Low
SciFi,Low
SciFi,Low
SciFi,Low
SciFi,Low
SciFi,Low
SciFi,Low
SciFi,Low
SciFi,Low
SciFi,Low
SciFi,Low
SciFi,Low
SciFi,Low
SciFi,Low
SciFi,Low
SciFi,Low
SciFi,Low
SciFi,Low
SciFi,Low
SciFi,Low
SciFi,Low
SciFi,Low
SciFi,Low
SciFi,Low
SciFi,Low
SciFi,Low
SciFi,Low
SciFi,Low
SciFi,Low
SciFi,Low
SciFi,Low
SciFi,Low
SciFi,Low
SciFi,Low
SciFi,Low
Non-Fic,Low
Non-Fic,Low
Non-Fic,Low
Non-Fic,Low
Non-Fic,Low
Non-Fic,Low
Non-Fic,Low
Non-Fic,Low
Non-Fic,Low
Non-Fic,Low
Non-Fic,Low
Non-Fic,Low
Non-Fic,Low
Non-Fic,Low
Non-Fic,Low
Non-Fic,Low
Non-Fic,Low
Non-Fic,Low
Non-Fic,Low
Non-Fic,Low
Non-Fic,Low
Non-Fic,Low
Non-Fic,Low
Non-Fic,Low
Non-Fic,Low
Non-Fic,Low
Non-Fic,Low
Non-Fic,Low
Non-Fic,Low
Non-Fic,Low
Non-Fic,Low
Non-Fic,Low
Non-Fic,Low
Non-Fic,Low
Non-Fic,Low
Non-Fic,Low
Non-Fic,Low
Non-Fic,Low
Non-Fic,Low
Non-Fic,Low
Non-Fic,Low
Non-Fic,Low
Non-Fic,Low
Non-Fic,Low
Non-Fic,Low
Non-Fic,Low
Non-Fic,Low
Non-Fic,Low
Non-Fic,Low
Non-Fic,Low
Non-Fic,Low
Non-Fic,Low
Non-Fic,Low
Non-Fic,Low
Non-Fic,Low
Non-Fic,Low
Non-Fic,Low
Non-Fic,Low
Non-Fic,Low
Non-Fic,Low
Non-Fic,Low
Non-Fic,Low
Non-Fic,Low
Non-Fic,Low
Non-Fic,Low
Non-Fic,Low
Non-Fic,Low
Non-Fic,Low
Non-Fic,Low
Non-Fic,Low
Non-Fic,Low
Non-Fic,Low
Non-Fic,Low
Non-Fic,Low
Non-Fic,Low
Non-Fic,Low
Non-Fic,Low
Non-Fic,Low
Non-Fic,Low
Non-Fic,Low
Poetry,Low
Poetry,Low
Poetry,Low
Poetry,Low
Poetry,Low
Poetry,Low
Poetry,Low
Poetry,Low
Poetry,Low
Poetry,Low
Poetry,Low
Poetry,Low
Poetry,Low
Poetry,Low
Poetry,Low
Poetry,Low
Poetry,Low
Poetry,Low
Poetry,Low
Poetry,Low
Poetry,Low
Poetry,Low
Poetry,Low
Poetry,Low
Poetry,Low
Poetry,Low
Poetry,Low
Poetry,Low
Poetry,Low
Poetry,Low
Poetry,Low
Poetry,Low
Poetry,Low
Poetry,High
Poetry,High
Poetry,High
Poetry,High
Poetry,High
Poetry,High
Poetry,High
Poetry,High
Poetry,High
Poetry,High
Poetry,High
Poetry,High
Poetry,High
Poetry,High
Poetry,High
Poetry,High
Poetry,High
Poetry,High
Poetry,High
Poetry,High
Poetry,High
Poetry,High
Poetry,High
Poetry,High
Poetry,High
Poetry,High
Poetry,Low
Poetry,Low
Poetry,Low
Poetry,Low
Fantasy,High
Fantasy,High
Fantasy,High
Fantasy,High
Fantasy,High
Fantasy,High
Fantasy,High
Fantasy,High
Fantasy,High
Fantasy,High
Fantasy,High
Fantasy,High
Fantasy,High
Fantasy,High
Fantasy,High
Fantasy,High
Fantasy,High
Fantasy,High
Fantasy,High
Fantasy,High
Fantasy,High
Fantasy,High
Fantasy,High
Fantasy,High
Fantasy,High
Fantasy,High
Fantasy,High
Fantasy,High
Fantasy,High
Fantasy,High
Fantasy,High
Fantasy,High
Fantasy,High
Fantasy,High
Fantasy,High
Fantasy,High
Fantasy,High
Fantasy,High
Fantasy,High
Fantasy,High
Fantasy,High
Fantasy,High
Fantasy,High
Fantasy,High
Fantasy,High
Fantasy,High
SciFi,High
SciFi,High
SciFi,High
SciFi,High
SciFi,High
SciFi,High
SciFi,High
SciFi,High
SciFi,High
SciFi,High
SciFi,High
SciFi,High
SciFi,High
SciFi,High
SciFi,High
SciFi,High
SciFi,High
SciFi,High
SciFi,High
SciFi,High
SciFi,High
SciFi,High
SciFi,High
SciFi,High
SciFi,High
SciFi,High
SciFi,High
SciFi,High
SciFi,High
SciFi,High
SciFi,High
SciFi,High
SciFi,High
SciFi,High
SciFi,High
SciFi,High
SciFi,High
SciFi,High
SciFi,High
SciFi,High
SciFi,High
SciFi,High
SciFi,High
SciFi,High
SciFi,High
SciFi,High
SciFi,High
SciFi,High
SciFi,High
SciFi,High
SciFi,High
SciFi,High
SciFi,High
SciFi,High
SciFi,High
SciFi,High
SciFi,High
SciFi,High
SciFi,High
SciFi,High
SciFi,High
SciFi,High
SciFi,High
SciFi,High
SciFi,High
SciFi,High
SciFi,High
SciFi,High
SciFi,High
SciFi,High
SciFi,High
SciFi,High
SciFi,High
SciFi,High
SciFi,High
SciFi,High
SciFi,High
SciFi,High
SciFi,High
SciFi,High
SciFi,High
SciFi,High
SciFi,High
SciFi,High
SciFi,High
SciFi,High
SciFi,High
SciFi,High
SciFi,High
SciFi,High
SciFi,High
SciFi,High
SciFi,High
SciFi,Low
SciFi,Low
SciFi,Low
SciFi,Low
SciFi,Low
SciFi,Low
SciFi,Low
SciFi,Low
SciFi,Low
SciFi,Low
SciFi,Low
SciFi,Low
SciFi,Low
SciFi,Low
SciFi,Low
SciFi,Low
SciFi,Low
SciFi,Low
SciFi,Low
SciFi,Low
SciFi,Low
SciFi,Low
SciFi,Low
SciFi,Low
SciFi,Low
SciFi,Low
SciFi,Low
SciFi,Low
SciFi,Low
SciFi,Low
SciFi,Low
SciFi,Low
SciFi,Low
SciFi,Low
SciFi,Low
SciFi,Low
SciFi,Low
SciFi,Low
SciFi,Low
SciFi,Low
SciFi,Low
SciFi,Low
SciFi,Low
SciFi,Low
SciFi,Low
SciFi,Low
SciFi,Low
SciFi,Low
SciFi,Low
SciFi,Low
SciFi,Low
SciFi,Low
Non-Fic,Low
Non-Fic,Low
Non-Fic,Low
Non-Fic,Low
Non-Fic,Low
Non-Fic,Low
Non-Fic,Low
Non-Fic,Low
Non-Fic,Low
Non-Fic,Low
Non-Fic,Low
Non-Fic,Low
Non-Fic,Low
Non-Fic,Low
Non-Fic,Low
Non-Fic,Low
Non-Fic,Low
Non-Fic,Low
Non-Fic,Low
Non-Fic,Low
Non-Fic,Low
Non-Fic,Low
Non-Fic,Low
Non-Fic,Low
Non-Fic,Low
Non-Fic,Low
Non-Fic,Low
Non-Fic,Low
Non-Fic,Low
Non-Fic,Low
Non-Fic,Low
Non-Fic,Low
Non-Fic,Low
Non-Fic,Low
Non-Fic,Low
Non-Fic,Low
Non-Fic,Low
Non-Fic,Low
Non-Fic,Low
Non-Fic,Low
Non-Fic,Low
Non-Fic,Low
Non-Fic,Low
Non-Fic,Low
Non-Fic,Low
Non-Fic,Low
Non-Fic,Low
Non-Fic,Low
Non-Fic,Low
Non-Fic,Low
Non-Fic,Low
Non-Fic,Low
Non-Fic,Low
Non-Fic,Low
Non-Fic,Low
Non-Fic,Low
Non-Fic,Low
Non-Fic,Low
Non-Fic,Low
Non-Fic,Low
Non-Fic,Low
Non-Fic,Low
Non-Fic,Low
Non-Fic,Low
Non-Fic,Low
Non-Fic,Low
Non-Fic,Low
Non-Fic,Low
Non-Fic,Low
Non-Fic,Low
Non-Fic,Low
Non-Fic,Low
Non-Fic,Low
Non-Fic,Low
Non-Fic,Low
Non-Fic,Low
Non-Fic,Low
Non-Fic,Low
Non-Fic,Low
Non-Fic,Low
Poetry,Low
Poetry,Low
Poetry,Low
Poetry,Low
Poetry,Low
Poetry,Low
Poetry,Low
Poetry,Low
Poetry,Low
Poetry,Low
Poetry,Low
Poetry,Low
Poetry,Low
Poetry,Low
Poetry,Low
Poetry,Low
Poetry,Low
Poetry,Low
Poetry,Low
Poetry,Low
Poetry,Low
Poetry,Low
Poetry,Low
Poetry,Low
Poetry,Low
Poetry,Low
Poetry,Low
Poetry,Low
Poetry,Low
Poetry,Low
Poetry,Low
Poetry,Low
Poetry,Low
Poetry,High
Poetry,High
Poetry,High
Poetry,High
Poetry,High
Poetry,High
Poetry,High
Poetry,High
Poetry,High
Poetry,High
Poetry,High
Poetry,High
Poetry,High
Poetry,High
Poetry,High
Poetry,High
Poetry,High
Poetry,High
Poetry,High
Poetry,High
Poetry,High
Poetry,High
Poetry,High
Poetry,High
Poetry,High
Poetry,High
Poetry,Low
Poetry,Low
Poetry,Low
Poetry,Low
Fantasy,High
Fantasy,High
Fantasy,High
Fantasy,High
Fantasy,High
Fantasy,High
Fantasy,High
Fantasy,High
Fantasy,High
Fantasy,High
Fantasy,High
Fantasy,High
Fantasy,High
Fantasy,High
Fantasy,High
Fantasy,High
Fantasy,High
Fantasy,High
Fantasy,High
Fantasy,High
Fantasy,High
Fantasy,High
Fantasy,High
Fantasy,High
Fantasy,High
Fantasy,High
Fantasy,High
Fantasy,High
Fantasy,High
Fantasy,High
Fantasy,High
Fantasy,High
Fantasy,High
Fantasy,High
Fantasy,High
Fantasy,High
Fantasy,High
Fantasy,High
Fantasy,High
Fantasy,High
Fantasy,High
Fantasy,High
Fantasy,High
Fantasy,High
Fantasy,High
Fantasy,High
SciFi,High
SciFi,High
SciFi,High
SciFi,High
SciFi,High
SciFi,High
SciFi,High
SciFi,High
SciFi,High
SciFi,High
SciFi,High
SciFi,High
SciFi,High
SciFi,High
SciFi,High
SciFi,High
SciFi,High
SciFi,High
SciFi,High
SciFi,High
SciFi,High
SciFi,High
SciFi,High
SciFi,High
SciFi,High
SciFi,High
SciFi,High
SciFi,High
SciFi,High
SciFi,High
SciFi,High
SciFi,High
SciFi,High
SciFi,High
SciFi,High
SciFi,High
SciFi,High
SciFi,High
SciFi,High
SciFi,High
SciFi,High
SciFi,High
SciFi,High
SciFi,High
SciFi,High
SciFi,High
SciFi,High
SciFi,High
SciFi,High
SciFi,High
SciFi,High
SciFi,High
SciFi,High
SciFi,High
SciFi,High
SciFi,High
SciFi,High
SciFi,High
SciFi,High
SciFi,High
SciFi,High
SciFi,High
SciFi,High
SciFi,High
SciFi,High
SciFi,High
SciFi,High
SciFi,High
SciFi,High
SciFi,High
SciFi,High
SciFi,High
SciFi,High
SciFi,High
SciFi,High
SciFi,High
SciFi,High
SciFi,High
SciFi,High
SciFi,High
SciFi,High
SciFi,High
SciFi,High
SciFi,High
SciFi,High
SciFi,High
SciFi,High
SciFi,High
SciFi,High
SciFi,High
SciFi,High
SciFi,High
SciFi,High
SciFi,Low
SciFi,Low
SciFi,Low
SciFi,Low
SciFi,Low
SciFi,Low
SciFi,Low
SciFi,Low
SciFi,Low
SciFi,Low
SciFi,Low
SciFi,Low
SciFi,Low
SciFi,Low
SciFi,Low
SciFi,Low
SciFi,Low
SciFi,Low
SciFi,Low
SciFi,Low
SciFi,Low
SciFi,Low
SciFi,Low
SciFi,Low
SciFi,Low
SciFi,Low
SciFi,Low
SciFi,Low
SciFi,Low
SciFi,Low
SciFi,Low
SciFi,Low
SciFi,Low
SciFi,Low
SciFi,Low
SciFi,Low
SciFi,Low
SciFi,Low
SciFi,Low
SciFi,Low
SciFi,Low
SciFi,Low
SciFi,Low
SciFi,Low
SciFi,Low
SciFi,Low
SciFi,Low
SciFi,Low
SciFi,Low
SciFi,Low
SciFi,Low
SciFi,Low
Non-Fic,Low
Non-Fic,Low
Non-Fic,Low
Non-Fic,Low
Non-Fic,Low
Non-Fic,Low
Non-Fic,Low
Non-Fic,Low
Non-Fic,Low
Non-Fic,Low
Non-Fic,Low
Non-Fic,Low
Non-Fic,Low
Non-Fic,Low
Non-Fic,Low
Non-Fic,Low
Non-Fic,Low
Non-Fic,Low
Non-Fic,Low
Non-Fic,Low
Non-Fic,Low
Non-Fic,Low
Non-Fic,Low
Non-Fic,Low
Non-Fic,Low
Non-Fic,Low
Non-Fic,Low
Non-Fic,Low
Non-Fic,Low
Non-Fic,Low
Non-Fic,Low
Non-Fic,Low
Non-Fic,Low
Non-Fic,Low
Non-Fic,Low
Non-Fic,Low
Non-Fic,Low
Non-Fic,Low
Non-Fic,Low
Non-Fic,Low
Non-Fic,Low
Non-Fic,Low
Non-Fic,Low
Non-Fic,Low
Non-Fic,Low
Non-Fic,Low
Non-Fic,Low
Non-Fic,Low
Non-Fic,Low
Non-Fic,Low
Non-Fic,Low
Non-Fic,Low
Non-Fic,Low
Non-Fic,Low
Non-Fic,Low
Non-Fic,Low
Non-Fic,Low
Non-Fic,Low
Non-Fic,Low
Non-Fic,Low
Non-Fic,Low
Non-Fic,Low
Non-Fic,Low
Non-Fic,Low
Non-Fic,Low
Non-Fic,Low
Non-Fic,Low
Non-Fic,Low
Non-Fic,Low
Non-Fic,Low
Non-Fic,Low
Non-Fic,Low
Non-Fic,Low
Non-Fic,Low
Non-Fic,Low
Non-Fic,Low
Non-Fic,Low
Non-Fic,Low
Non-Fic,Low
Non-Fic,Low
Poetry,Low
Poetry,Low
Poetry,Low
Poetry,Low
Poetry,Low
Poetry,Low
Poetry,Low
Poetry,Low
Poetry,Low
Poetry,Low
Poetry,Low
Poetry,Low
Poetry,Low
Poetry,Low
Poetry,Low
Poetry,Low
Poetry,Low
Poetry,Low
Poetry,Low
Poetry,Low
Poetry,Low
Poetry,Low
Poetry,Low
Poetry,Low
Poetry,Low
Poetry,Low
Poetry,Low
Poetry,Low
Poetry,Low
Poetry,Low
Poetry,Low
Poetry,Low
Poetry,Low
Poetry,High
Poetry,High
Poetry,High
Poetry,High
Poetry,High
Poetry,High
Poetry,High
Poetry,High
Poetry,High
Poetry,High
Poetry,High
Poetry,High
Poetry,High
Poetry,High
Poetry,High
Poetry,High
Poetry,High
Poetry,High
Poetry,High
Poetry,High
Poetry,High
Poetry,High
Poetry,High
Poetry,High
Poetry,High
Poetry,High
Poetry,Low
Poetry,Low
Poetry,Low
Poetry,Low